{
  "success": 249,
  "errors": 1,
  "servers": {
    "backend-2": 125,
    "backend-0": 124
  },
  "total_requests": 250,
  "response_times": [
    1.3522968292236328,
    1.291238784790039,
    2.440589189529419,
    2.412982225418091,
    3.408679723739624,
    2.3430912494659424,
    2.882061243057251,
    2.1001672744750977,
    2.993136405944824,
    1.8580024242401123,
    3.0022542476654053,
    2.365074396133423,
    3.2331149578094482,
    2.3529632091522217,
    2.39837384223938,
    2.0573720932006836,
    2.6181416511535645,
    1.0550754070281982,
    2.1686666011810303,
    1.1987886428833008,
    2.4283905029296875,
    2.1519711017608643,
    3.0225250720977783,
    1.5859477519989014,
    2.11470103263855,
    2.385948657989502,
    1.392723560333252,
    1.2912135124206543,
    1.2408998012542725,
    1.6319851875305176,
    2.0201900005340576,
    1.5960848331451416,
    2.1950883865356445,
    1.9231362342834473,
    1.276798963546753,
    1.9715735912322998,
    1.9370100498199463,
    1.8366189002990723,
    2.1480674743652344,
    1.610304832458496,
    1.2712688446044922,
    1.7474660873413086,
    2.1820547580718994,
    2.9633615016937256,
    2.25630784034729,
    3.085496425628662,
    2.499204397201538,
    3.2627341747283936,
    2.241121768951416,
    3.3434369564056396,
    2.34391450881958,
    3.3628015518188477,
    2.394558906555176,
    3.5582690238952637,
    2.2307047843933105,
    3.360658645629883,
    2.3405699729919434,
    2.285066843032837,
    2.2914745807647705,
    2.108963966369629,
    2.094067335128784,
    2.0215694904327393,
    2.216360569000244,
    3.3940446376800537,
    2.6308231353759766,
    3.527202606201172,
    2.203495502471924,
    2.021350145339966,
    2.2973873615264893,
    1.8708984851837158,
    2.1806139945983887,
    1.696558952331543,
    1.5156464576721191,
    2.1430139541625977,
    1.9099452495574951,
    2.509793758392334,
    2.038234233856201,
    2.7725932598114014,
    3.0885791778564453,
    1.208935022354126,
    2.157374143600464,
    2.0888404846191406,
    2.1088037490844727,
    2.057985544204712,
    2.0938987731933594,
    1.9871063232421875,
    1.1785483360290527,
    2.1894726753234863,
    1.7564702033996582,
    2.3884730339050293,
    1.9660248756408691,
    2.271268606185913,
    2.1125223636627197,
    2.2678160667419434,
    2.113375663757324,
    2.3522331714630127,
    2.066744565963745,
    2.209811210632324,
    2.1951911449432373,
    2.3402137756347656,
    2.228339672088623,
    2.3858423233032227,
    2.260662317276001,
    2.410555601119995,
    2.112590789794922,
    2.410766839981079,
    1.3292577266693115,
    2.266327381134033,
    1.353492021560669,
    2.0344479084014893,
    2.2437455654144287,
    2.075453758239746,
    2.4717917442321777,
    2.0095016956329346,
    2.265547037124634,
    2.058345079421997,
    2.4222214221954346,
    2.1225852966308594,
    2.4186270236968994,
    2.098863124847412,
    2.4101991653442383,
    2.058154582977295,
    2.3901195526123047,
    2.1744232177734375,
    2.5548245906829834,
    2.092716693878174,
    2.7258706092834473,
    1.9125423431396484,
    2.7789835929870605,
    2.2175564765930176,
    1.8812603950500488,
    2.300335168838501,
    3.2445764541625977,
    1.3828721046447754,
    2.392361640930176,
    2.120971202850342,
    2.5329174995422363,
    1.9400932788848877,
    2.6151206493377686,
    2.3114752769470215,
    2.899111747741699,
    2.142771005630493,
    3.013629674911499,
    2.0565805435180664,
    3.005579948425293,
    2.1466219425201416,
    3.086259126663208,
    0.9898490905761719,
    1.0543692111968994,
    1.1872036457061768,
    2.0771915912628174,
    2.3223955631256104,
    1.9372646808624268,
    2.240342855453491,
    1.8038501739501953,
    1.747668743133545,
    2.36541485786438,
    1.90232515335083,
    2.8157737255096436,
    1.9916448593139648,
    2.933413028717041,
    2.0635178089141846,
    3.08817458152771,
    1.7282204627990723,
    2.5019752979278564,
    1.9494202136993408,
    2.377981424331665,
    2.334151268005371,
    2.550320625305176,
    1.2054924964904785,
    2.6837337017059326,
    1.3997468948364258,
    1.7965960502624512,
    2.093787670135498,
    2.476644277572632,
    1.9522147178649902,
    2.855618476867676,
    2.0282437801361084,
    3.0412914752960205,
    1.9958069324493408,
    3.033991575241089,
    1.7562682628631592,
    2.783914089202881,
    1.9879040718078613,
    2.6737112998962402,
    2.142317771911621,
    2.9721271991729736,
    2.175001621246338,
    3.34352445602417,
    2.282769203186035,
    3.6889450550079346,
    1.3766498565673828,
    2.1420793533325195,
    1.9468562602996826,
    2.1692750453948975,
    1.8826961517333984,
    1.5499165058135986,
    1.4054691791534424,
    1.6487529277801514,
    1.6852984428405762,
    2.157515287399292,
    2.202657461166382,
    2.1605398654937744,
    2.221663236618042,
    2.1595702171325684,
    2.1451878547668457,
    2.6403698921203613,
    2.1333017349243164,
    2.7459394931793213,
    2.2767550945281982,
    3.065202236175537,
    1.240776538848877,
    2.0661916732788086,
    2.265679121017456,
    2.7994868755340576,
    1.996791124343872,
    2.7789690494537354,
    1.8461802005767822,
    2.7493386268615723,
    2.135934591293335,
    2.879728317260742,
    2.139874219894409,
    3.0135533809661865,
    2.3999032974243164,
    1.8001635074615479,
    1.5985770225524902,
    2.01481294631958,
    1.6176140308380127,
    1.1296651363372803,
    1.4193501472473145,
    2.0156733989715576,
    2.3637986183166504,
    2.077301263809204,
    2.3066775798797607,
    1.9654791355133057,
    2.415257215499878,
    2.0008764266967773,
    2.50636625289917,
    2.0402069091796875,
    1.2778315544128418,
    2.3477070331573486,
    2.3563144207000732,
    2.652944564819336,
    1.198875904083252,
    1.8255517482757568,
    2.7304258346557617,
    2.0259785652160645,
    2.1904425621032715,
    2.1625471115112305
  ],
  "error_messages": {
    "503 Server Error: Server temporarily unavailable for url: http://localhost:8081/?cache_bust=78": 1
  },
  "metrics": {
    "test_duration": 123.9467031955719,
    "requests_per_second": 2.016995963220839,
    "error_rate": 0.4,
    "success_rate": 99.6
  },
  "response_time_stats": {
    "min": 0.9898490905761719,
    "max": 3.6889450550079346,
    "mean": 2.2065603541561876,
    "median": 2.1686666011810303,
    "p95": 3.088417339324951,
    "p99": 3.47031162261963,
    "std_dev": 0.5243345918423092
  },
  "distribution": {
    "backend-2": 50.20080321285141,
    "backend-0": 49.79919678714859
  }
}