{
  "success": 249,
  "errors": 1,
  "servers": {
    "backend-1": 75,
    "backend-0": 85,
    "backend-2": 89
  },
  "total_requests": 250,
  "response_times": [
    1.4589085578918457,
    1.3710167407989502,
    1.5690209865570068,
    2.460446834564209,
    2.7883901596069336,
    1.5498385429382324,
    2.3851964473724365,
    1.1257743835449219,
    1.198948621749878,
    2.0449647903442383,
    1.843062400817871,
    1.6149241924285889,
    1.578800916671753,
    1.5566043853759766,
    1.465172290802002,
    1.440833330154419,
    1.6924166679382324,
    1.4953162670135498,
    1.7347691059112549,
    1.8521337509155273,
    1.6955242156982422,
    1.9641125202178955,
    1.8403818607330322,
    1.7695090770721436,
    1.968306541442871,
    2.16021990776062,
    1.651975393295288,
    1.9830784797668457,
    2.230562925338745,
    1.8357315063476562,
    1.5488638877868652,
    2.222346544265747,
    1.8088288307189941,
    1.6871016025543213,
    2.2019755840301514,
    2.28084659576416,
    1.7080657482147217,
    2.0881590843200684,
    1.900740146636963,
    2.0286202430725098,
    1.7109365463256836,
    1.1945526599884033,
    2.2748358249664307,
    1.1288785934448242,
    2.4514312744140625,
    2.293600559234619,
    0.867457389831543,
    2.598278045654297,
    2.357027530670166,
    2.8353312015533447,
    2.430104970932007,
    0.9967868328094482,
    2.705559015274048,
    2.132221221923828,
    1.2559006214141846,
    2.6262221336364746,
    1.826171875,
    1.0841236114501953,
    2.630089044570923,
    1.8474464416503906,
    1.2512218952178955,
    3.107848882675171,
    1.1890037059783936,
    1.5336940288543701,
    1.3142788410186768,
    1.299750804901123,
    0.9562687873840332,
    1.1964385509490967,
    2.5743138790130615,
    0.7755582332611084,
    1.7033333778381348,
    1.45719313621521,
    2.374218702316284,
    1.369478702545166,
    1.3777315616607666,
    2.2977864742279053,
    1.0519442558288574,
    2.369185447692871,
    2.0893068313598633,
    1.3097419738769531,
    2.4984469413757324,
    1.7116975784301758,
    2.7781193256378174,
    2.7780964374542236,
    1.4220616817474365,
    2.557292938232422,
    2.3434181213378906,
    1.412604570388794,
    2.4489526748657227,
    1.8836369514465332,
    2.466434955596924,
    1.3976988792419434,
    2.107856273651123,
    1.8210179805755615,
    2.2498977184295654,
    1.9589438438415527,
    1.4854655265808105,
    1.6584529876708984,
    2.5963642597198486,
    1.9749276638031006,
    1.6849758625030518,
    2.310487747192383,
    1.5187900066375732,
    0.94390869140625,
    2.0235095024108887,
    1.2273919582366943,
    1.2407450675964355,
    1.6502354145050049,
    2.2102270126342773,
    1.506150484085083,
    1.7716732025146484,
    2.203343629837036,
    1.2208728790283203,
    2.274341344833374,
    1.9900386333465576,
    1.2688961029052734,
    2.6417226791381836,
    2.24670672416687,
    1.3711962699890137,
    2.6918911933898926,
    2.752171754837036,
    1.0810654163360596,
    2.387819290161133,
    2.520435094833374,
    1.0776584148406982,
    2.027780771255493,
    2.2852256298065186,
    1.280038595199585,
    2.1015236377716064,
    1.2787139415740967,
    1.3936436176300049,
    2.1669178009033203,
    2.4383578300476074,
    2.0462183952331543,
    1.468132495880127,
    3.0232293605804443,
    1.691967487335205,
    1.40090012550354,
    1.7907354831695557,
    1.462968349456787,
    1.2852964401245117,
    1.5123958587646484,
    1.6300482749938965,
    2.730534315109253,
    1.951939344406128,
    1.5087406635284424,
    2.650378942489624,
    1.6362693309783936,
    1.5966932773590088,
    2.4992711544036865,
    1.6674411296844482,
    1.4790523052215576,
    2.6450202465057373,
    1.3580641746520996,
    2.616330862045288,
    2.682572841644287,
    1.7270927429199219,
    1.3601348400115967,
    1.574108600616455,
    1.2525174617767334,
    2.8219308853149414,
    1.2037310600280762,
    1.2324035167694092,
    2.7703027725219727,
    1.3674354553222656,
    1.8818211555480957,
    1.2837648391723633,
    1.3183727264404297,
    1.5025174617767334,
    1.7657248973846436,
    1.3148612976074219,
    2.036619186401367,
    1.5218584537506104,
    2.915884017944336,
    2.427882671356201,
    1.5725953578948975,
    3.153334379196167,
    2.7374117374420166,
    1.3996062278747559,
    2.5592029094696045,
    2.109091281890869,
    1.0142533779144287,
    2.4742586612701416,
    1.9621009826660156,
    1.2359001636505127,
    2.2347896099090576,
    0.9765043258666992,
    1.703852653503418,
    2.5459110736846924,
    1.1210205554962158,
    0.9671871662139893,
    1.2393317222595215,
    1.583388328552246,
    1.7863197326660156,
    1.5111355781555176,
    2.7279648780822754,
    1.6786670684814453,
    1.5694735050201416,
    2.8146562576293945,
    1.7478351593017578,
    1.7861332893371582,
    2.3072404861450195,
    1.6260724067687988,
    1.4850380420684814,
    2.233741283416748,
    0.8750016689300537,
    1.2358839511871338,
    2.622685432434082,
    1.5478503704071045,
    1.7045247554779053,
    2.9470746517181396,
    1.2757809162139893,
    3.2875406742095947,
    1.5186116695404053,
    1.5501716136932373,
    3.414600372314453,
    1.6004889011383057,
    1.3512778282165527,
    1.7361304759979248,
    2.409588098526001,
    1.2548880577087402,
    1.7187798023223877,
    2.248427152633667,
    1.3928766250610352,
    2.2696290016174316,
    2.6831161975860596,
    1.8363823890686035,
    2.699921131134033,
    1.9078021049499512,
    2.8255629539489746,
    1.8735861778259277,
    2.964275598526001,
    1.7176833152770996,
    2.9856255054473877,
    1.9058613777160645,
    2.811920166015625,
    1.8494291305541992,
    2.498422622680664,
    1.7602639198303223,
    2.6763429641723633,
    1.9226288795471191,
    2.5931100845336914,
    1.9224400520324707,
    2.9488472938537598,
    0.9541854858398438,
    2.772655487060547,
    1.2239229679107666,
    3.00288462638855,
    2.8293306827545166
  ],
  "error_messages": {
    "503 Server Error: Server temporarily unavailable for url: http://localhost:8080/?cache_bust=62": 1
  },
  "metrics": {
    "test_duration": 108.45931148529053,
    "requests_per_second": 2.3050118664445467,
    "error_rate": 0.4,
    "success_rate": 99.6
  },
  "response_time_stats": {
    "min": 0.7755582332611084,
    "max": 3.414600372314453,
    "mean": 1.9019750332736587,
    "median": 1.7907354831695557,
    "p95": 2.8278235912323,
    "p99": 3.1315013408660892,
    "std_dev": 0.5745246102386201
  },
  "distribution": {
    "backend-1": 30.120481927710845,
    "backend-0": 34.13654618473896,
    "backend-2": 35.7429718875502
  }
}